0.0000001,0.033899467,0.238933907,0.011520941
0.0000001,0.039541857,0.312384367,0.011049945
0.0000001,0.045184247,0.369713642,0.010578949
0.0000001,0.050826637,0.430238643,0.010107953
0.0000001,0.056469027,0.474395016,0.009636957
0.0000001,0.063506573,0.515971716,0.009165961
0.0000001,0.08146136,0.553579651,0.008876861
0.0000001,0.096755422,0.588270118,0.009309081
0.0000001,0.115397792,0.618222829,0.009741301
0.0000001,0.135181568,0.640848437,0.010173521
0.0000001,0.158204795,0.65468387,0.010256296
0.000602202,0.187047561,0.658448628,0.010246883
0.002709998,0.218474268,0.653192071,0.01023747
0.004817793,0.249896257,0.645943788,0.010228058
0.006925588,0.280633339,0.63587787,0.010218645
0.009033384,0.311453651,0.627461347,0.010209232
0.011141179,0.343052808,0.62238146,0.01019982
0.013248975,0.373598059,0.617301573,0.010224432
0.01535677,0.402017867,0.606609232,0.010638248
0.018226663,0.428451113,0.592015707,0.011052064
0.021273636,0.457204333,0.570249742,0.011465881
0.023403732,0.493120429,0.538191282,0.011515513
0.025533828,0.525010239,0.50407378,0.01123163
0.030368879,0.558735295,0.462507163,0.010947747
0.039257384,0.586028438,0.425600711,0.010663864
0.055797913,0.615701728,0.387553647,0.010379982
0.081089266,0.644662326,0.351168328,0.010105693
0.115057741,0.670579844,0.316435096,0.01009628
0.14965622,0.696649875,0.279759107,0.010086868
0.18211789,0.723513015,0.243863513,0.010077455
0.20343423,0.738427457,0.212614997,0.010068043
0.222198521,0.748163173,0.183876017,0.010296875
0.237288802,0.754575246,0.157665617,0.01069376
0.252937743,0.757693723,0.136345903,0.011090645
0.276179348,0.760347827,0.115762189,0.01148753
0.31588429,0.762016426,0.095662357,0.012378126
0.370047483,0.769641426,0.082165482,0.01333625
0.425069783,0.778923378,0.070095785,0.014294374
0.49640501,0.777997604,0.062847502,0.014510814
0.567355161,0.759608235,0.055770248,0.014501401
0.618903326,0.720098152,0.049678095,0.014038512
0.672368749,0.646139835,0.044561374,0.012183524
0.734072923,0.541166974,0.040030258,0.010328536
0.784959923,0.441551769,0.038459073,0.008473549
0.823471442,0.35191109,0.036931432,0.009538356
0.849375689,0.28924877,0.035793928,0.012560521
0.860952764,0.236081572,0.034656424,0.017272831
0.862930083,0.201926018,0.034004413,0.025262237
0.858611831,0.180722598,0.033995,0.033379105
0.852808835,0.162794268,0.036257532,0.042705339
0.846844361,0.148209232,0.0412352,0.052632595
0.838484145,0.138828258,0.048887008,0.063832164
0.828118568,0.135233021,0.059380169,0.076159087
0.816862105,0.13827323,0.07108409,0.088696151
0.805605642,0.143433428,0.086378152,0.10094287
0.798149671,0.153086626,0.103080839,0.113165135
0.797473916,0.168231705,0.120767935,0.124599686
0.798111758,0.191641761,0.140344214,0.135780947
0.796941283,0.214774596,0.163015168,0.14781722
0.78510672,0.235310174,0.18485461,0.160403659
0.755186911,0.253410997,0.203812854,0.173649236
0.711554462,0.271269154,0.220166859,0.192089911
0.645621101,0.288685515,0.236163608,0.211556253
0.587341667,0.305377693,0.251851894,0.232667841
0.533086442,0.319957351,0.268608346,0.253679876
0.493889399,0.333732202,0.286099965,0.274106013
0.472349015,0.346698632,0.305589813,0.294532149
0.464570967,0.35894283,0.326872807,0.315274556
0.463023615,0.370483229,0.348155802,0.336343295
0.461448105,0.382167317,0.369438796,0.356980736
0.458056681,0.39420359,0.38225371,0.374838893
0.454895651,0.4065145,0.395099002,0.393008718
0.452276555,0.419059265,0.40834458,0.411722436
0.451421003,0.430976247,0.416990889,0.427387282
0.450918946,0.438369393,0.424027399,0.440974101
0.450909533,0.444248064,0.429782545,0.452299445
0.451620713,0.448065941,0.435250751,0.459140924
0.453427668,0.448980074,0.43809815,0.462762639
0.456807065,0.450009565,0.440444741,0.466216956
0.459957122,0.450727331,0.441358875,0.468465993
0.46054524,0.450083274,0.4407744,0.47071503
0.461133358,0.449439217,0.438590058,0.472226008
0.461385814,0.448855423,0.436020864,0.472851478
0.461376401,0.44828187,0.432889354,0.473257189
0.46075055,0.447343003,0.4290971,0.471217755
0.458335407,0.444796445,0.424579846,0.469178321
0.453306588,0.441225445,0.420062591,0.464867449
0.448687023,0.436072554,0.415601899,0.460177057
0.44281208,0.430655178,0.411154987,0.453563128
0.435563797,0.425237801,0.404604016,0.446603087
0.426552708,0.416972454,0.395245623,0.438488229
0.414865165,0.407376908,0.385502494,0.427152613
0.401563946,0.395407263,0.375345365,0.414135574
0.386388721,0.382470231,0.362459215,0.401531077
0.371040905,0.369150122,0.350058342,0.389234051
0.355408239,0.355830013,0.338481638,0.377583396
0.339775574,0.342523356,0.326490911,0.366607195
0.324088129,0.329218399,0.313473873,0.356223215
0.307906699,0.315913442,0.300826949,0.344771552
0.291725269,0.302608485,0.289629485,0.331034809
0.279027697,0.289303529,0.278432021,0.317002593
0.266874711,0.275998572,0.266834741,0.302214531
0.256334104,0.262693615,0.254575619,0.286359231
0.246730385,0.249388659,0.242316497,0.268476366
0.237126666,0.236083702,0.229894275,0.252377982
0.226415332,0.222778745,0.21733801,0.238881107
0.215439131,0.210952945,0.204781744,0.225617583
0.20446293,0.199887357,0.192225478,0.213464597
0.193117519,0.186390482,0.179396101,0.201311611
0.180580454,0.172893607,0.166509952,0.189381968
0.16804339,0.159668617,0.153623802,0.17746625
0.155606936,0.147981073,0.140737652,0.16552834
0.143976864,0.136317455,0.127851502,0.153558695
0.132346791,0.12474075,0.114918741,0.14158905
0.120716719,0.113164046,0.101981689,0.129871864
0.109383384,0.101718711,0.089229903,0.119736729
0.100931644,0.091583575,0.080059935,0.109601593
0.092479904,0.084250598,0.073967782,0.100539864
0.084028164,0.077224586,0.06787563,0.092736032
0.076381502,0.070198575,0.062126925,0.085195144
0.069461585,0.063246121,0.056693853,0.077889076
0.062541668,0.058166234,0.051260781,0.070583008
0.055805289,0.053086347,0.045827709,0.063276939
0.0496007,0.04800646,0.040394636,0.057032661
0.043396111,0.043054298,0.034961564,0.051032508
0.038268093,0.038697831,0.02962841,0.045032354
0.033911625,0.034341363,0.024938018,0.040854229
0.030892953,0.029984896,0.020247626,0.038197447
0.029191687,0.025628428,0.015557234,0.035540665
0.026712097,0.021271961,0.011314926,0.032825822
0.023935079,0.016657696,0.008261397,0.029728216
0.021158061,0.012932084,0.006767523,0.026630611
0.018425537,0.01089265,0.005689373,0.023533005
0.015745551,0.008904838,0.004611223,0.020467047
0.013065565,0.007292574,0.003338525,0.017413519
0.010794817,0.00568031,0.002060063,0.01435999
0.008755383,0.004306852,0.0007816,0.012320136
0.007155255,0.003485137,2.49286E-05,0.010618869
0.006178861,0.002663423,1.59641E-05,0.008866148
0.005202466,0.001841708,6.99971E-06,0.00651462
0.004226072,0.001019993,1.96472E-06,0.004163092
